INSERT INTO `customers` (`customer_id`, `card_auth_token`, `customer_type`, `email`, `mobile_number`, `name`, `password_token`, `subscription_date`, `vehicles`, `latitude`, `longitude`) VALUES
(1, "56152231622014-01-18107", 1,"Kendall_Kimmer@photon.com", "04126046", "Kendall Kimmer", "Kimmer506", "2012-05-09", "NULL", -34.41025106350657, 150.81651102377657),
(2, "33382657152017-01-23103", 0,"Rey_Lurry@photon.com", "04388174", "Rey Lurry", "Lurry699", "2016-12-19", "NULL", -34.40779866278093, 150.95405921042322),
(3, "32560519602015-12-07175", 1,"Blake_Stander@uow.edu.au", "04613377", "Blake Stander", "Stander108", "2016-02-14", "NULL", -34.43950470073393, 150.80065264224794),
(4, "60270926972010-07-26144", 1,"Rex_Mapp@hotmail.com", "04549702", "Rex Mapp", "Mapp539", "2018-04-15", "NULL", -34.36551496235742, 150.91669157197066),
(5, "42455122222016-11-15140", 0,"Lamont_Shirley@gmail.com", "04165923", "Lamont Shirley", "Shirley349", "2014-12-28", "NULL", -34.455647426389554, 150.83181411697151),
(6, "64629081632010-02-04145", 1,"Tony_Viger@uow.edu.au", "04267164", "Tony Viger", "Viger573", "2016-03-19", "NULL", -34.410345386611404, 150.82939697951917),
(7, "27385727602014-12-28138", 0,"Steven_Schranz@hotmail.com", "04391507", "Steven Schranz", "Schranz980", "2018-03-11", "NULL", -34.42166415919131, 150.95593739155174),
(8, "76781605852010-02-04107", 0,"Haywood_Capp@gmail.com", "04742481", "Haywood Capp", "Capp408", "2013-03-15", "NULL", -34.43155461046947, 150.9421695072792),
(9, "48850604542017-06-09117", 0,"Haywood_Yant@photon.com", "04129034", "Haywood Yant", "Yant971", "2011-10-16", "NULL", -34.47049657803605, 150.92632745776044),
(10, "47940913622012-12-02158", 0,"Shon_Alba@outlook.com", "04126919", "Shon Alba", "Alba530", "2013-12-15", "NULL", -34.43609559423069, 150.90939116358416),
(11, "38495676902012-03-01143", 1,"Rey_Raia@photon.com", "04144976", "Rey Raia", "Raia400", "2018-07-27", "NULL", -34.417702588788345, 150.91714886824542),
(12, "57043081822013-10-07162", 1,"Desmond_Hunsberger@outlook.com", "04599633", "Desmond Hunsberger", "Hunsberger717", "2015-04-10", "NULL", -34.41426653282659, 150.86330223189134),
(13, "48736028682015-06-18142", 0,"Emil_Viger@gmail.com", "04502295", "Emil Viger", "Viger866", "2010-02-04", "NULL", -34.3802293667113, 150.84151533080055),
(14, "35732847412014-09-16176", 0,"Fabian_Shirley@uow.edu.au", "04529774", "Fabian Shirley", "Shirley870", "2016-04-23", "NULL", -34.46373226394663, 150.93900109737547),
(15, "62567022832010-07-26180", 1,"Cyrus_Renshaw@uow.edu.au", "04425202", "Cyrus Renshaw", "Renshaw974", "2010-08-29", "NULL", -34.41262261585665, 150.81177474093073),
(16, "86389307662012-12-02115", 0,"Benton_Ange@uow.edu.au", "04758315", "Benton Ange", "Ange276", "2018-10-04", "NULL", -34.42388748951951, 150.87568189532973),
(17, "86912521242018-02-05182", 1,"Hipolito_Jaworski@hotmail.com", "04830147", "Hipolito Jaworski", "Jaworski320", "2013-10-07", "NULL", -34.362914339609894, 150.94212051124978),
(18, "85826622052011-11-19149", 1,"Julio_Eriksen@photon.com", "04498043", "Julio Eriksen", "Eriksen642", "2011-11-19", "NULL", -34.34929138832622, 150.9440150243881),
(19, "46560758042012-06-13145", 1,"Conrad_Harriger@photon.com", "04483485", "Conrad Harriger", "Harriger310", "2016-09-07", "NULL", -34.46154935780622, 150.951805393069),
(20, "71543876332013-07-30140", 0,"Buck_Camberos@gmail.com", "04474419", "Buck Camberos", "Camberos740", "2016-12-19", "NULL", -34.417837336080964, 150.9284016230067);

INSERT INTO `vehicles` (`vehicle_id`, `make_model`, `number_plate`, `year`, `user_id`) VALUES
(1, "BWM 118d", "EKR1312", 2013, 1),
(2, "Ford F100", "AJA1068", 2009, 1),
(3, "Toyota Chaser", "SOX1370", 2013, 1),
(4, "Audi A1", "WUU1962", 1997, 1),
(5, "Ford Transit", "QDC1512", 2004, 1),
(6, "Mazda MX-5", "OUP1430", 1995, 2),
(7, "Kia Mentor", "RKA1116", 2006, 3),
(8, "Toyota Celica", "AMU1401", 2005, 3),
(9, "Audi R8", "ZQW1195", 2013, 3),
(10, "Holden Adventra", "YZJ1573", 2006, 3),
(11, "Audi A1", "GAT1245", 2014, 4),
(12, "BWM 320Ci", "HQX1449", 2012, 4),
(13, "Audi A2", "SSF1430", 2017, 4),
(14, "Audi A2", "NNL1604", 1995, 4),
(15, "Ford Explorer", "XWX1299", 2018, 4),
(16, "Kia Carnival", "YTY1422", 2003, 5),
(17, "Audi allroad", "BNW1444", 2016, 5),
(18, "BWM 320Ci", "XGD1217", 2008, 5),
(19, "Ford Bronco", "SAC1813", 2005, 5),
(20, "BWM 320Ci", "EOK1223", 2015, 5),
(21, "BWM 1 Series M", "XPC1163", 2007, 6),
(22, "Audi R8", "GAQ1315", 1997, 6),
(23, "BWM M5", "ZBV1989", 2001, 7),
(24, "Audi Q3", "UMG1306", 2011, 8),
(25, "Audi R8", "BEP1876", 1999, 8),
(26, "Audi A3", "NGG1552", 2000, 8),
(27, "Audi Q3", "DVX1620", 1999, 9),
(28, "Ford Bronco", "CBJ1050", 2012, 9),
(29, "Mazda CX-9", "QGX1275", 1998, 10),
(30, "Toyota Echo", "BNE1190", 2007, 10),
(31, "Ford Explorer", "QMI1233", 2006, 10),
(32, "Toyota 4Runner", "YGZ1369", 2019, 11),
(33, "Mazda CX-9", "XKV1044", 2013, 11),
(34, "BWM 118d", "TTW1264", 1996, 11),
(35, "Audi Q3", "PXE1282", 1997, 11),
(36, "Kia Spectra", "SDZ1562", 2000, 12),
(37, "Holden Drover", "UOI1493", 2002, 12),
(38, "Toyota Echo", "WYH1837", 2005, 12),
(39, "Mazda CX-5", "OMR1127", 2016, 12),
(40, "Audi A1", "JYP1896", 1998, 12),
(41, "Kia Spectra", "TEB1450", 2015, 13),
(42, "Holden Caprice", "TYB1762", 2016, 13),
(43, "Kia Cerato", "OSG1550", 2003, 13),
(44, "Ford Torino", "WBV1165", 2007, 13),
(45, "Toyota Prius", "OYD1462", 2012, 14),
(46, "Kia Mentor", "KLA1247", 2002, 14),
(47, "Holden Colorado", "MAJ1971", 2015, 14),
(48, "Kia Soul", "QIN1057", 2010, 15),
(49, "Audi A3", "AVS1995", 2014, 15),
(50, "Toyota Camry", "JNV1598", 2019, 16),
(51, "Toyota Echo", "OSM1562", 2017, 17),
(52, "Hyundai Santa Fe", "VBD1831", 2017, 17),
(53, "Toyota Echo", "DRO1519", 2009, 18),
(54, "Toyota Crown", "UIW1314", 2008, 18),
(55, "Mazda RX-7", "GDA1279", 2015, 18),
(56, "Ford Torino", "RYF1142", 2007, 18),
(57, "BWM X1", "EOI1199", 1999, 19),
(58, "Mazda RX-3", "KFQ1699", 1999, 19),
(59, "Toyota Camry", "ZIP1394", 1996, 20),
(60, "Kia K2900", "ZJC1981", 2007, 20),
(61, "Hyundai Elantra", "DFN1171", 2003, 20),
(62, "Toyota Yaris", "QYO1254", 2010, 20),
(63, "BWM M5", "OTF1997", 1998, 20);

INSERT INTO `professionals` (`professional_id`, `abn`, `av_rating`, `bank_token`, `certification_number`, `email`, `latitude`, `longitude`, `mobile_number`, `name`, `password_token`, `possible_requests`, `price_variance`, `request_id`, `services`) VALUES
(1, "16242698317", 1, "NULL", "120606", "Hipolito_Karam@photon.com", -34.36430223672386, 150.80318410376898, "04502241", "Hipolito Karam", "Karam140", "NULL", 0.3, 0, "NULL"),
(2, "18544686111", 3, "NULL", "138950", "Fabian_Viger@gmail.com", -34.38483772411883, 150.83098118447103, "04817422", "Fabian Viger", "Viger951", "NULL", 0.4, 0, "NULL"),
(3, "18259092100", 1, "NULL", "164419", "Tony_Renshaw@gmail.com", -34.42058618085037, 150.85676942796607, "04118296", "Tony Renshaw", "Renshaw703", "NULL", 0.5, 0, "NULL"),
(4, "15834158014", 2, "NULL", "178169", "Shon_Cheeks@hotmail.com", -34.41857844619036, 150.85592016345578, "04291927", "Shon Cheeks", "Cheeks349", "NULL", 0.2, 0, "NULL"),
(5, "12995204437", 2, "NULL", "191618", "Truman_Kwon@photon.com", -34.45126813937947, 150.91922303349168, "04417472", "Truman Kwon", "Kwon776", "NULL", 0.9, 0, "NULL"),
(6, "13314415670", 0, "NULL", "188502", "Rhett_Hoefer@uow.edu.au", -34.35388627100449, 150.87555123925122, "04757539", "Rhett Hoefer", "Hoefer976", "NULL", 0.9, 0, "NULL"),
(7, "11215315352", 0, "NULL", "119743", "Faustino_Cornish@outlook.com", -34.46030968271413, 150.92358368011182, "04483672", "Faustino Cornish", "Cornish231", "NULL", 0.2, 0, "NULL"),
(8, "15613076498", 4, "NULL", "159471", "Benton_Vancil@hotmail.com", -34.401573337861976, 150.81771959250273, "04157279", "Benton Vancil", "Vancil459", "NULL", 0.9, 0, "NULL"),
(9, "14149402058", 1, "NULL", "157840", "Adolph_Ange@hotmail.com", -34.41507501658229, 150.95195238115733, "04165344", "Adolph Ange", "Ange736", "NULL", 0.2, 0, "NULL"),
(10, "13094981818", 1, "NULL", "100151", "Buck_Denniston@hotmail.com", -34.379892498479755, 150.87061897228764, "04248550", "Buck Denniston", "Denniston288", "NULL", 0.6, 0, "NULL");

INSERT INTO `services` (`id`, `cost`, `name`) VALUES
(1, 95, "Car wont start"),
(2, 125, "Warning Lights"),
(3, 130, "Sputtering Engine"),
(4, 105, "Dead Battery"),
(5, 85, "Flat Tire"),
(6, 90, "Brakes Not Working"),
(7, 130, "Brakes Grinding"),
(8, 110, "Steering Wheel Shaking"),
(9, 100, "Engine Smoking");

INSERT INTO `requests` (`request_id`, `accepted`, `customer_id`, `duration`, `problem`, `professional_id`, `request_date`, `vehicle_id`, `is_finished`, `latitude`, `longitude`, `professional_ids`) VALUES
(1, 1, 2, 3600000, 8, 7, "2018-08-30", 6, 1, -34.41915785954862, 150.96320528765537, "NULL"),
(2, 1, 3, 9000000, 2, 8, "2010-06-21", 9, 1, -34.45706227296204, 150.78336653486414, "NULL"),
(3, 1, 3, 10800000, 7, 5, "2014-11-24", 9, 1, -34.43893876210493, 150.82383693939124, "NULL"),
(4, 1, 4, 3600000, 6, 9, "2018-04-15", 12, 1, -34.352296252951604, 150.93802708450812, "NULL"),
(5, 1, 4, 10800000, 8, 5, "2011-02-17", 12, 1, -34.34651559409829, 150.93392975195502, "NULL"),
(6, 1, 4, 7200000, 1, 7, "2016-05-27", 13, 1, -34.372979962368454, 150.90875809140968, "NULL"),
(7, 1, 4, 9000000, 9, 8, "2014-07-09", 13, 1, -34.367320576078505, 150.9012816838028, "NULL"),
(8, 1, 4, 7200000, 7, 3, "2016-06-30", 11, 1, -34.361162624805864, 150.90712568800205, "NULL"),
(9, 1, 4, 9000000, 2, 2, "2018-01-02", 14, 1, -34.36555538654521, 150.93866372183712, "NULL"),
(10, 1, 5, 3600000, 1, 4, "2012-05-09", 18, 1, -34.46454074770234, 150.84312252744397, "NULL"),
(11, 1, 5, 10800000, 9, 3, "2014-08-13", 16, 1, -34.47081997153833, 150.85255165004887, "NULL"),
(12, 1, 5, 7200000, 4, 7, "2016-03-19", 17, 1, -34.47157455637699, 150.81548882497444, "NULL"),
(13, 1, 6, 5400000, 5, 9, "2014-03-28", 22, 1, -34.42690582887415, 150.82103459717513, "NULL"),
(14, 1, 6, 1800000, 2, 10, "2017-02-26", 22, 1, -34.41116734509637, 150.80512647138784, "NULL"),
(15, 1, 6, 9000000, 8, 8, "2011-04-27", 21, 1, -34.391089998496305, 150.84166289580898, "NULL"),
(16, 1, 6, 7200000, 4, 2, "2012-07-17", 22, 1, -34.41584307615022, 150.85152789373046, "NULL"),
(17, 1, 6, 3600000, 3, 4, "2016-11-15", 22, 1, -34.41039928552845, 150.82364784165765, "NULL"),
(18, 1, 7, 7200000, 3, 8, "2017-10-25", 23, 1, -34.41944082886311, 150.9523273590389, "NULL"),
(19, 1, 7, 10800000, 9, 7, "2015-05-15", 23, 1, -34.40562923136977, 150.94489493915947, "NULL"),
(20, 1, 7, 1800000, 6, 6, "2015-11-03", 23, 1, -34.43569135235283, 150.9318269481627, "NULL"),
(21, 1, 7, 1800000, 2, 3, "2016-03-19", 23, 1, -34.42563920432354, 150.93264369759999, "NULL"),
(22, 1, 7, 1800000, 1, 4, "2016-04-23", 23, 1, -34.40580440285018, 150.95433656265465, "NULL"),
(23, 1, 7, 1800000, 7, 2, "2014-10-20", 23, 1, -34.40261089201513, 150.95964543399708, "NULL"),
(24, 1, 8, 1800000, 6, 10, "2012-01-27", 24, 1, -34.44511018810683, 150.96662587878743, "NULL"),
(25, 1, 8, 7200000, 8, 7, "2017-07-14", 24, 1, -34.449785919160675, 150.91799086343676, "NULL"),
(26, 1, 8, 9000000, 2, 6, "2018-10-04", 25, 1, -34.42460165017038, 150.9603688378471, "NULL"),
(27, 1, 8, 5400000, 3, 8, "2015-02-01", 25, 1, -34.443964836119584, 150.9594049594777, "NULL"),
(28, 1, 8, 5400000, 5, 5, "2014-12-28", 26, 1, -34.415748753045385, 150.92565287962736, "NULL"),
(29, 1, 8, 7200000, 1, 9, "2013-03-15", 25, 1, -34.42551793176018, 150.92506475045283, "NULL"),
(30, 1, 9, 10800000, 7, 5, "2015-07-22", 27, 1, -34.490533500448336, 150.91433056492477, "NULL"),
(31, 1, 9, 10800000, 1, 8, "2011-08-08", 27, 1, -34.483311045564015, 150.90663228627952, "NULL"),
(32, 1, 9, 7200000, 6, 4, "2012-09-24", 28, 1, -34.456711930001234, 150.9131537579981, "NULL"),
(33, 1, 9, 9000000, 2, 6, "2016-08-04", 28, 1, -34.45789770617627, 150.9303972483818, "NULL"),
(34, 1, 9, 5400000, 3, 7, "2010-11-06", 27, 1, -34.484173428236765, 150.92962905497134, "NULL"),
(35, 1, 9, 10800000, 9, 10, "2017-04-02", 27, 1, -34.46327412315173, 150.9265235922482, "NULL"),
(36, 1, 9, 3600000, 5, 3, "2018-12-12", 27, 1, -34.463489718819915, 150.9467581335705, "NULL"),
(37, 1, 10, 5400000, 9, 4, "2011-10-16", 31, 1, -34.440609628533394, 150.8878252554137, "NULL"),
(38, 1, 10, 1800000, 4, 6, "2014-11-24", 29, 1, -34.43043620794074, 150.90311744484367, "NULL"),
(39, 1, 10, 7200000, 7, 7, "2018-05-19", 29, 1, -34.43748349134466, 150.8957981063131, "NULL"),
(40, 1, 10, 10800000, 5, 5, "2016-05-27", 31, 1, -34.45353189389545, 150.9245853261588, "NULL"),
(41, 1, 12, 10800000, 3, 3, "2010-08-29", 38, 1, -34.429856794582484, 150.88321282170543, "NULL"),
(42, 1, 12, 3600000, 9, 4, "2014-01-18", 39, 1, -34.420788301789294, 150.8565074776972, "NULL"),
(43, 1, 12, 7200000, 1, 6, "2013-06-26", 37, 1, -34.407704339676094, 150.85611547264753, "NULL"),
(44, 1, 12, 7200000, 8, 9, "2016-02-14", 39, 1, -34.42766041371281, 150.8794234395587, "NULL"),
(45, 1, 12, 3600000, 6, 7, "2018-07-27", 37, 1, -34.419521677238684, 150.84644601475586, "NULL"),
(46, 1, 13, 5400000, 3, 10, "2016-11-15", 42, 1, -34.37134952012778, 150.86579343393984, "NULL"),
(47, 1, 13, 7200000, 1, 4, "2014-06-05", 41, 1, -34.37296648763919, 150.8618913043835, "NULL"),
(48, 1, 13, 1800000, 2, 5, "2017-01-23", 42, 1, -34.38320728187816, 150.8350172238406, "NULL"),
(49, 1, 13, 5400000, 7, 7, "2017-01-23", 42, 1, -34.38730359957374, 150.82874769350738, "NULL"),
(50, 1, 13, 5400000, 8, 9, "2012-03-01", 41, 1, -34.36249662300278, 150.82907423154558, "NULL"),
(51, 1, 13, 10800000, 9, 6, "2016-01-10", 44, 1, -34.36141864466183, 150.81813520726627, "NULL"),
(52, 1, 14, 9000000, 6, 2, "2016-06-30", 45, 1, -34.46784205637148, 150.92388362245114, "NULL"),
(53, 1, 14, 9000000, 7, 9, "2018-06-23", 46, 1, -34.47928210151474, 150.9332646285123, "NULL"),
(54, 1, 14, 10800000, 5, 8, "2018-04-15", 47, 1, -34.47230219175713, 150.9460613667455, "NULL"),
(55, 1, 14, 10800000, 4, 6, "2018-10-04", 47, 1, -34.45974374408514, 150.9608683205633, "NULL"),
(56, 1, 14, 1800000, 3, 5, "2012-06-13", 45, 1, -34.461495458889175, 150.92878658729148, "NULL"),
(57, 1, 15, 10800000, 2, 8, "2016-06-30", 48, 1, -34.39687065734961, 150.83168493939505, "NULL"),
(58, 1, 15, 5400000, 5, 10, "2012-08-20", 48, 1, -34.417567841495725, 150.80705443957208, "NULL"),
(59, 1, 15, 3600000, 8, 3, "2014-02-22", 48, 1, -34.403661920897555, 150.80690744056784, "NULL"),
(60, 1, 15, 3600000, 6, 6, "2012-01-27", 49, 1, -34.39627776926209, 150.8252496496535, "NULL"),
(61, 1, 15, 10800000, 3, 7, "2012-04-05", 49, 1, -34.403352002124535, 150.81451872234337, "NULL"),
(62, 1, 15, 5400000, 1, 4, "2013-02-08", 49, 1, -34.41446865376551, 150.78959422451192, "NULL"),
(63, 1, 15, 9000000, 9, 5, "2017-11-28", 49, 1, -34.39409486312168, 150.81438805656182, "NULL"),
(64, 1, 18, 7200000, 9, 3, "2010-06-21", 56, 1, -34.34802476377561, 150.95357905685745, "NULL"),
(65, 1, 18, 7200000, 8, 2, "2017-05-06", 54, 1, -34.35707978183954, 150.94933562948196, "NULL"),
(66, 1, 18, 1800000, 7, 4, "2011-03-24", 54, 1, -34.34268877098794, 150.96550961613235, "NULL"),
(67, 1, 18, 9000000, 6, 10, "2013-02-08", 55, 1, -34.36497597318695, 150.92550715268123, "NULL"),
(68, 1, 18, 7200000, 2, 6, "2017-02-26", 55, 1, -34.35891234501914, 150.96031957803464, "NULL"),
(69, 1, 18, 3600000, 4, 7, "2018-08-30", 54, 1, -34.33190898757851, 150.92389138610363, "NULL"),
(70, 1, 19, 1800000, 7, 7, "2012-09-24", 58, 1, -34.47542832894587, 150.96424225534287, "NULL"),
(71, 1, 19, 5400000, 5, 4, "2013-07-30", 58, 1, -34.45326239931022, 150.95214859163372, "NULL"),
(72, 1, 19, 1800000, 3, 3, "2017-07-14", 58, 1, -34.47956507082924, 150.96424225534287, "NULL"),
(73, 1, 19, 9000000, 1, 2, "2017-05-06", 57, 1, -34.47618291378453, 150.96850772321864, "NULL"),
(74, 1, 19, 7200000, 9, 10, "2016-06-30", 58, 1, -34.45613251664298, 150.9412969798731, "NULL"),
(75, 1, 19, 9000000, 8, 9, "2014-06-05", 58, 1, -34.44630943901113, 150.94105183804118, "NULL"),
(76, 1, 19, 9000000, 4, 6, "2018-10-04", 57, 1, -34.48172102751112, 150.96427494092046, "NULL"),
(77, 1, 20, 3600000, 1, 2, "2018-11-07", 61, 1, -34.420815251247824, 150.939557909726, "NULL"),
(78, 1, 20, 1800000, 7, 7, "2014-03-28", 63, 1, -34.43100214656974, 150.94685931552914, "NULL"),
(79, 1, 20, 10800000, 3, 9, "2013-01-05", 60, 1, -34.40296123497595, 150.9523802890447, "NULL"),
(80, 1, 20, 5400000, 2, 10, "2011-02-17", 59, 1, -34.41181413210094, 150.9281729436303, "NULL"),
(81, 1, 20, 9000000, 8, 8, "2017-01-23", 61, 1, -34.41205667722765, 150.93465763737493, "NULL"),
(82, 1, 20, 1800000, 5, 4, "2014-09-16", 62, 1, -34.43495024224344, 150.93959057820834, "NULL"),
(83, 0, 20, 1800000, 5, 4, "2014-09-16", 62, 0, -34.43495024224344, 150.93959057820834, "NULL"),
(84, 1, 20, 1800000, 5, 4, "2014-09-16", 62, 0, -34.43495024224344, 150.93959057820834, "NULL");

INSERT INTO `transactions` (`transactional_id`, `request_id`, `amount`, `date`, `status`) VALUES
(1, 1, 132.0, "2018-08-30", "Payment from customer to us"),(2, 1, 122.0, "2018-08-30", "Payment from us to professional"),
(3, 2, 30, "2010-06-21", "Payment from customer to us"),(4, 2, 227.5, "2010-06-21", "Payment from us to professional"),
(5, 3, 30, "2014-11-24", "Payment from customer to us"),(6, 3, 237.0, "2014-11-24", "Payment from us to professional"),
(7, 4, 30, "2018-04-15", "Payment from customer to us"),(8, 4, 98.0, "2018-04-15", "Payment from us to professional"),
(9, 5, 30, "2011-02-17", "Payment from customer to us"),(10, 5, 199.0, "2011-02-17", "Payment from us to professional"),
(11, 6, 30, "2016-05-27", "Payment from customer to us"),(12, 6, 104.0, "2016-05-27", "Payment from us to professional"),
(13, 7, 30, "2014-07-09", "Payment from customer to us"),(14, 7, 180.0, "2014-07-09", "Payment from us to professional"),
(15, 8, 30, "2016-06-30", "Payment from customer to us"),(16, 8, 185.0, "2016-06-30", "Payment from us to professional"),
(17, 9, 30, "2018-01-02", "Payment from customer to us"),(18, 9, 165.0, "2018-01-02", "Payment from us to professional"),
(19, 10, 114.0, "2012-05-09", "Payment from customer to us"),(20, 10, 104.0, "2012-05-09", "Payment from us to professional"),
(21, 11, 150.0, "2014-08-13", "Payment from customer to us"),(22, 11, 140.0, "2014-08-13", "Payment from us to professional"),
(23, 12, 126.0, "2016-03-19", "Payment from customer to us"),(24, 12, 116.0, "2016-03-19", "Payment from us to professional"),
(25, 13, 30, "2014-03-28", "Payment from customer to us"),(26, 13, 92.0, "2014-03-28", "Payment from us to professional"),
(27, 14, 30, "2017-02-26", "Payment from customer to us"),(28, 14, 190.0, "2017-02-26", "Payment from us to professional"),
(29, 15, 30, "2011-04-27", "Payment from customer to us"),(30, 15, 199.0, "2011-04-27", "Payment from us to professional"),
(31, 16, 30, "2012-07-17", "Payment from customer to us"),(32, 16, 137.0, "2012-07-17", "Payment from us to professional"),
(33, 17, 30, "2016-11-15", "Payment from customer to us"),(34, 17, 146.0, "2016-11-15", "Payment from us to professional"),
(35, 18, 247.0, "2017-10-25", "Payment from customer to us"),(36, 18, 237.0, "2017-10-25", "Payment from us to professional"),
(37, 19, 120.0, "2015-05-15", "Payment from customer to us"),(38, 19, 110.0, "2015-05-15", "Payment from us to professional"),
(39, 20, 171.0, "2015-11-03", "Payment from customer to us"),(40, 20, 161.0, "2015-11-03", "Payment from us to professional"),
(41, 21, 187.5, "2016-03-19", "Payment from customer to us"),(42, 21, 177.5, "2016-03-19", "Payment from us to professional"),
(43, 22, 114.0, "2016-04-23", "Payment from customer to us"),(44, 22, 104.0, "2016-04-23", "Payment from us to professional"),
(45, 23, 182.0, "2014-10-20", "Payment from customer to us"),(46, 23, 172.0, "2014-10-20", "Payment from us to professional"),
(47, 24, 144.0, "2012-01-27", "Payment from customer to us"),(48, 24, 134.0, "2012-01-27", "Payment from us to professional"),
(49, 25, 132.0, "2017-07-14", "Payment from customer to us"),(50, 25, 122.0, "2017-07-14", "Payment from us to professional"),
(51, 26, 237.5, "2018-10-04", "Payment from customer to us"),(52, 26, 227.5, "2018-10-04", "Payment from us to professional"),
(53, 27, 247.0, "2015-02-01", "Payment from customer to us"),(54, 27, 237.0, "2015-02-01", "Payment from us to professional"),
(55, 28, 161.5, "2014-12-28", "Payment from customer to us"),(56, 28, 151.5, "2014-12-28", "Payment from us to professional"),
(57, 29, 114.0, "2013-03-15", "Payment from customer to us"),(58, 29, 104.0, "2013-03-15", "Payment from us to professional"),
(59, 30, 247.0, "2015-07-22", "Payment from customer to us"),(60, 30, 237.0, "2015-07-22", "Payment from us to professional"),
(61, 31, 180.5, "2011-08-08", "Payment from customer to us"),(62, 31, 170.5, "2011-08-08", "Payment from us to professional"),
(63, 32, 108.0, "2012-09-24", "Payment from customer to us"),(64, 32, 98.0, "2012-09-24", "Payment from us to professional"),
(65, 33, 237.5, "2016-08-04", "Payment from customer to us"),(66, 33, 227.5, "2016-08-04", "Payment from us to professional"),
(67, 34, 156.0, "2010-11-06", "Payment from customer to us"),(68, 34, 146.0, "2010-11-06", "Payment from us to professional"),
(69, 35, 160.0, "2017-04-02", "Payment from customer to us"),(70, 35, 150.0, "2017-04-02", "Payment from us to professional"),
(71, 36, 127.5, "2018-12-12", "Payment from customer to us"),(72, 36, 117.5, "2018-12-12", "Payment from us to professional"),
(73, 37, 120.0, "2011-10-16", "Payment from customer to us"),(74, 37, 110.0, "2011-10-16", "Payment from us to professional"),
(75, 38, 199.5, "2014-11-24", "Payment from customer to us"),(76, 38, 189.5, "2014-11-24", "Payment from us to professional"),
(77, 39, 156.0, "2018-05-19", "Payment from customer to us"),(78, 39, 146.0, "2018-05-19", "Payment from us to professional"),
(79, 40, 161.5, "2016-05-27", "Payment from customer to us"),(80, 40, 151.5, "2016-05-27", "Payment from us to professional"),
(81, 41, 30, "2010-08-29", "Payment from customer to us"),(82, 41, 185.0, "2010-08-29", "Payment from us to professional"),
(83, 42, 30, "2014-01-18", "Payment from customer to us"),(84, 42, 110.0, "2014-01-18", "Payment from us to professional"),
(85, 43, 30, "2013-06-26", "Payment from customer to us"),(86, 43, 170.5, "2013-06-26", "Payment from us to professional"),
(87, 44, 30, "2016-02-14", "Payment from customer to us"),(88, 44, 122.0, "2016-02-14", "Payment from us to professional"),
(89, 45, 30, "2018-07-27", "Payment from customer to us"),(90, 45, 98.0, "2018-07-27", "Payment from us to professional"),
(91, 46, 208.0, "2016-11-15", "Payment from customer to us"),(92, 46, 198.0, "2016-11-15", "Payment from us to professional"),
(93, 47, 114.0, "2014-06-05", "Payment from customer to us"),(94, 47, 104.0, "2014-06-05", "Payment from us to professional"),
(95, 48, 237.5, "2017-01-23", "Payment from customer to us"),(96, 48, 227.5, "2017-01-23", "Payment from us to professional"),
(97, 49, 156.0, "2017-01-23", "Payment from customer to us"),(98, 49, 146.0, "2017-01-23", "Payment from us to professional"),
(99, 50, 132.0, "2012-03-01", "Payment from customer to us"),(100, 50, 122.0, "2012-03-01", "Payment from us to professional"),
(101, 51, 190.0, "2016-01-10", "Payment from customer to us"),(102, 51, 180.0, "2016-01-10", "Payment from us to professional"),
(103, 52, 125.99999999999999, "2016-06-30", "Payment from customer to us"),(104, 52, 115.99999999999999, "2016-06-30", "Payment from us to professional"),
(105, 53, 156.0, "2018-06-23", "Payment from customer to us"),(106, 53, 146.0, "2018-06-23", "Payment from us to professional"),
(107, 54, 161.5, "2018-04-15", "Payment from customer to us"),(108, 54, 151.5, "2018-04-15", "Payment from us to professional"),
(109, 55, 199.5, "2018-10-04", "Payment from customer to us"),(110, 55, 189.5, "2018-10-04", "Payment from us to professional"),
(111, 56, 247.0, "2012-06-13", "Payment from customer to us"),(112, 56, 237.0, "2012-06-13", "Payment from us to professional"),
(113, 57, 30, "2016-06-30", "Payment from customer to us"),(114, 57, 227.5, "2016-06-30", "Payment from us to professional"),
(115, 58, 30, "2012-08-20", "Payment from customer to us"),(116, 58, 126.0, "2012-08-20", "Payment from us to professional"),
(117, 59, 30, "2014-02-22", "Payment from customer to us"),(118, 59, 155.0, "2014-02-22", "Payment from us to professional"),
(119, 60, 30, "2012-01-27", "Payment from customer to us"),(120, 60, 161.0, "2012-01-27", "Payment from us to professional"),
(121, 61, 30, "2012-04-05", "Payment from customer to us"),(122, 61, 146.0, "2012-04-05", "Payment from us to professional"),
(123, 62, 30, "2013-02-08", "Payment from customer to us"),(124, 62, 104.0, "2013-02-08", "Payment from us to professional"),
(125, 63, 30, "2017-11-28", "Payment from customer to us"),(126, 63, 180.0, "2017-11-28", "Payment from us to professional"),
(127, 64, 30, "2010-06-21", "Payment from customer to us"),(128, 64, 140.0, "2010-06-21", "Payment from us to professional"),
(129, 65, 30, "2017-05-06", "Payment from customer to us"),(130, 65, 144.0, "2017-05-06", "Payment from us to professional"),
(131, 66, 30, "2011-03-24", "Payment from customer to us"),(132, 66, 146.0, "2011-03-24", "Payment from us to professional"),
(133, 67, 30, "2013-02-08", "Payment from customer to us"),(134, 67, 134.0, "2013-02-08", "Payment from us to professional"),
(135, 68, 30, "2017-02-26", "Payment from customer to us"),(136, 68, 227.5, "2017-02-26", "Payment from us to professional"),
(137, 69, 30, "2018-08-30", "Payment from customer to us"),(138, 69, 116.0, "2018-08-30", "Payment from us to professional"),
(139, 70, 30, "2012-09-24", "Payment from customer to us"),(140, 70, 146.0, "2012-09-24", "Payment from us to professional"),
(141, 71, 30, "2013-07-30", "Payment from customer to us"),(142, 71, 92.0, "2013-07-30", "Payment from us to professional"),
(143, 72, 30, "2017-07-14", "Payment from customer to us"),(144, 72, 185.0, "2017-07-14", "Payment from us to professional"),
(145, 73, 30, "2017-05-06", "Payment from customer to us"),(146, 73, 123.0, "2017-05-06", "Payment from us to professional"),
(147, 74, 30, "2016-06-30", "Payment from customer to us"),(148, 74, 150.0, "2016-06-30", "Payment from us to professional"),
(149, 75, 30, "2014-06-05", "Payment from customer to us"),(150, 75, 122.0, "2014-06-05", "Payment from us to professional"),
(151, 76, 30, "2018-10-04", "Payment from customer to us"),(152, 76, 189.5, "2018-10-04", "Payment from us to professional"),
(153, 77, 133.0, "2018-11-07", "Payment from customer to us"),(154, 77, 123.0, "2018-11-07", "Payment from us to professional"),
(155, 78, 156.0, "2014-03-28", "Payment from customer to us"),(156, 78, 146.0, "2014-03-28", "Payment from us to professional"),
(157, 79, 156.0, "2013-01-05", "Payment from customer to us"),(158, 79, 146.0, "2013-01-05", "Payment from us to professional"),
(159, 80, 200.0, "2011-02-17", "Payment from customer to us"),(160, 80, 190.0, "2011-02-17", "Payment from us to professional"),
(161, 81, 209.0, "2017-01-23", "Payment from customer to us"),(162, 81, 199.0, "2017-01-23", "Payment from us to professional");

INSERT INTO `reviews` (`review_id`, `customer_id`, `professional_id`, `rating`, `text_string`) VALUES 
(1, 2, 7, "4", "great, I do recommend this person"),
(2, 3, 8, "2", "Bad, I do not recommend this person"),
(3, 3, 5, "4", "great, I do recommend this person"),
(4, 4, 9, "2", "Bad, I do not recommend this person"),
(5, 4, 5, "3", "Ok, I do not recommend this person"),
(6, 4, 7, "2", "Bad, I do not recommend this person"),
(7, 4, 8, "5", "Awesome, I do recommend this person"),
(8, 4, 3, "4", "great, I do recommend this person"),
(9, 4, 2, "3", "Ok, I do not recommend this person"),
(10, 5, 4, "3", "Ok, I do not recommend this person"),
(11, 5, 3, "4", "great, I do recommend this person"),
(12, 5, 7, "4", "great, I do recommend this person"),
(13, 6, 9, "3", "Ok, I do not recommend this person"),
(14, 6, 10, "1", "Terrible, I do not recommend this person"),
(15, 6, 8, "1", "Terrible, I do not recommend this person"),
(16, 6, 2, "3", "Ok, I do not recommend this person"),
(17, 6, 4, "5", "Awesome, I do recommend this person"),
(18, 7, 8, "5", "Awesome, I do recommend this person"),
(19, 7, 7, "1", "Terrible, I do not recommend this person"),
(20, 7, 6, "3", "Ok, I do not recommend this person"),
(21, 7, 3, "3", "Ok, I do not recommend this person"),
(22, 7, 4, "5", "Awesome, I do recommend this person"),
(23, 7, 2, "3", "Ok, I do not recommend this person"),
(24, 8, 10, "4", "great, I do recommend this person"),
(25, 8, 7, "1", "Terrible, I do not recommend this person"),
(26, 8, 6, "3", "Ok, I do not recommend this person"),
(27, 8, 8, "3", "Ok, I do not recommend this person"),
(28, 8, 5, "4", "great, I do recommend this person"),
(29, 8, 9, "1", "Terrible, I do not recommend this person"),
(30, 9, 5, "4", "great, I do recommend this person"),
(31, 9, 8, "1", "Terrible, I do not recommend this person"),
(32, 9, 4, "4", "great, I do recommend this person"),
(33, 9, 6, "5", "Awesome, I do recommend this person"),
(34, 9, 7, "5", "Awesome, I do recommend this person"),
(35, 9, 10, "1", "Terrible, I do not recommend this person"),
(36, 9, 3, "3", "Ok, I do not recommend this person"),
(37, 10, 4, "2", "Bad, I do not recommend this person"),
(38, 10, 6, "2", "Bad, I do not recommend this person"),
(39, 10, 7, "4", "great, I do recommend this person"),
(40, 10, 5, "2", "Bad, I do not recommend this person"),
(41, 12, 3, "2", "Bad, I do not recommend this person"),
(42, 12, 4, "4", "great, I do recommend this person"),
(43, 12, 6, "3", "Ok, I do not recommend this person"),
(44, 12, 9, "4", "great, I do recommend this person"),
(45, 12, 7, "3", "Ok, I do not recommend this person"),
(46, 13, 10, "5", "Awesome, I do recommend this person"),
(47, 13, 4, "5", "Awesome, I do recommend this person"),
(48, 13, 5, "5", "Awesome, I do recommend this person"),
(49, 13, 7, "5", "Awesome, I do recommend this person"),
(50, 13, 9, "3", "Ok, I do not recommend this person"),
(51, 13, 6, "1", "Terrible, I do not recommend this person"),
(52, 14, 2, "4", "great, I do recommend this person"),
(53, 14, 9, "5", "Awesome, I do recommend this person"),
(54, 14, 8, "1", "Terrible, I do not recommend this person"),
(55, 14, 6, "2", "Bad, I do not recommend this person"),
(56, 14, 5, "4", "great, I do recommend this person"),
(57, 15, 8, "1", "Terrible, I do not recommend this person"),
(58, 15, 10, "3", "Ok, I do not recommend this person"),
(59, 15, 3, "4", "great, I do recommend this person"),
(60, 15, 6, "1", "Terrible, I do not recommend this person"),
(61, 15, 7, "5", "Awesome, I do recommend this person"),
(62, 15, 4, "3", "Ok, I do not recommend this person"),
(63, 15, 5, "1", "Terrible, I do not recommend this person"),
(64, 18, 3, "5", "Awesome, I do recommend this person"),
(65, 18, 2, "5", "Awesome, I do recommend this person"),
(66, 18, 4, "1", "Terrible, I do not recommend this person"),
(67, 18, 10, "1", "Terrible, I do not recommend this person"),
(68, 18, 6, "1", "Terrible, I do not recommend this person"),
(69, 18, 7, "2", "Bad, I do not recommend this person"),
(70, 19, 7, "1", "Terrible, I do not recommend this person"),
(71, 19, 4, "2", "Bad, I do not recommend this person"),
(72, 19, 3, "4", "great, I do recommend this person"),
(73, 19, 2, "1", "Terrible, I do not recommend this person"),
(74, 19, 10, "5", "Awesome, I do recommend this person"),
(75, 19, 9, "2", "Bad, I do not recommend this person"),
(76, 19, 6, "4", "great, I do recommend this person"),
(77, 20, 2, "1", "Terrible, I do not recommend this person"),
(78, 20, 7, "3", "Ok, I do not recommend this person"),
(79, 20, 9, "3", "Ok, I do not recommend this person"),
(80, 20, 10, "4", "great, I do recommend this person"),
(81, 20, 8, "1", "Terrible, I do not recommend this person");

INSERT INTO `balance` (`balance_id`, `balance`) VALUES (2, 1000);
INSERT INTO `admin` (`admin_id`, `password_token`) VALUES (1, "password");
